name	A	C	D	E	F	G	H	I	K	L	M	N	P	Q	R	S	T	V	W	Y
Lactococcus_phage	0.054977	0.013688	0.041735	0.057283	0.053043	0.046868	0.015102	0.077072	0.084958	0.107945	0.034519	0.058473	0.027451	0.036007	0.035560	0.080420	0.063532	0.058697	0.013242	0.039429
KM389305.1	0.053289	0.021957	0.042962	0.044516	0.050281	0.053038	0.026569	0.071686	0.053188	0.092892	0.041257	0.047072	0.047674	0.035643	0.066222	0.083818	0.058452	0.061209	0.017997	0.030279
NC_028697.1	0.065127	0.016255	0.044808	0.042241	0.049406	0.053898	0.019677	0.071757	0.071222	0.106459	0.038873	0.049353	0.036413	0.040905	0.042616	0.078067	0.062025	0.063843	0.012726	0.034328
KC821626.1	0.060778	0.011161	0.053366	0.053191	0.056418	0.059906	0.015609	0.082229	0.081706	0.105249	0.026596	0.058598	0.031043	0.029735	0.034618	0.069585	0.052581	0.068975	0.009941	0.038716
coronavirus	0.055166	0.033404	0.036387	0.036504	0.049901	0.045045	0.026969	0.056804	0.058325	0.119165	0.036914	0.050778	0.036504	0.039312	0.039195	0.076752	0.072072	0.079092	0.012519	0.039195
adenovirus	0.068898	0.028552	0.036038	0.043741	0.042174	0.060367	0.028160	0.047310	0.043175	0.097885	0.035341	0.036560	0.065068	0.039607	0.072728	0.086612	0.061586	0.061760	0.017497	0.026941
U18337.1	0.030237	0.027571	0.050723	0.037183	0.051424	0.033815	0.029044	0.106637	0.059632	0.099832	0.046724	0.068332	0.030728	0.019293	0.042164	0.079907	0.057247	0.060404	0.009401	0.059703
herpesvirus	0.073654	0.031342	0.035501	0.038213	0.034235	0.068290	0.031403	0.040444	0.028690	0.085649	0.032608	0.028931	0.065216	0.033271	0.093545	0.090169	0.071183	0.072268	0.017419	0.027967
